shipment_id,vehicle_number,driver_name,driver_phone
SHP-1001,MH-13-XI-5012,Sanjay Dutt,+91 98889 01234
SHP-1002,WB-64-BA-2535,Vijay Mhatre,+91 91778 90123
SHP-1003,TS-35-WU-9928,Pradeep Rawat,+91 92556 67788
SHP-1004,DL-30-WN-6574,Anwar Shaikh,+91 99990 12345
SHP-1005,MH-58-DL-6635,Anwar Shaikh,+91 99990 12345
SHP-1006,TN-20-RJ-6925,Vijay Mhatre,+91 91778 90123
SHP-1007,MH-39-DM-5554,Kartik Aryan,+91 91667 78899
SHP-1008,WB-91-FR-5010,Gopal Das,+91 93667 89012
SHP-1009,HR-14-ZK-7572,Anwar Shaikh,+91 99990 12345
SHP-1010,HR-93-PM-8517,Jasbir Singh,+91 94556 78901
SHP-1011,TN-84-ML-4593,Jasbir Singh,+91 94556 78901
SHP-1012,WB-18-MM-8668,Anwar Shaikh,+91 99990 12345
SHP-1013,UP-24-JN-3591,Kartik Aryan,+91 91667 78899
SHP-1014,TS-23-UJ-9317,Vijay Mhatre,+91 91778 90123
SHP-1015,TS-10-TK-9005,Satish Yadav,+91 98112 34567
SHP-1016,DL-40-SC-2403,Siddharth Malhotra,+91 98778 89900
SHP-1017,AP-80-FI-9645,Pradeep Rawat,+91 92556 67788
SHP-1018,TN-95-UL-8177,Kartik Aryan,+91 91667 78899
SHP-1019,UP-12-SR-4770,Sanjay Dutt,+91 98889 01234
SHP-1020,MH-14-KC-9423,Sanjay Dutt,+91 98889 01234
SHP-1021,AP-41-ZP-7669,Vijay Mhatre,+91 91778 90123
SHP-1022,TN-62-OX-1887,Ramesh Kadam,+91 95445 67890
SHP-1023,HR-34-GR-8350,Jasbir Singh,+91 94556 78901
SHP-1024,TS-22-BU-9856,Satish Yadav,+91 98112 34567
SHP-1025,AP-71-GM-1960,Gopal Das,+91 93667 89012
SHP-1026,TS-94-WP-3536,Vijay Mhatre,+91 91778 90123
SHP-1027,DL-16-SP-9238,Gopal Das,+91 93667 89012
SHP-1028,MH-86-CV-4853,Subhash Ghai,+91 93445 56677
SHP-1029,WB-15-TC-7868,Baldev Singh,+91 95223 34455
SHP-1030,GJ-68-KY-2188,Satish Yadav,+91 98112 34567
SHP-1031,TS-43-EL-2127,Sanjay Dutt,+91 98889 01234
SHP-1032,TS-11-VR-5905,Ramesh Kadam,+91 95445 67890
SHP-1033,TS-29-IJ-4450,Baldev Singh,+91 95223 34455
SHP-1034,GJ-16-CU-7939,Anwar Shaikh,+91 99990 12345
SHP-1035,GJ-30-XO-8007,Satish Yadav,+91 98112 34567
SHP-1036,DL-57-SR-3426,Pradeep Rawat,+91 92556 67788
SHP-1037,DL-55-GV-5088,Ramesh Kadam,+91 95445 67890
SHP-1038,KA-62-AF-6442,Pradeep Rawat,+91 92556 67788
SHP-1039,TN-14-PH-4269,Kartik Aryan,+91 91667 78899
SHP-1040,UP-45-CY-5573,Raghu Ram,+91 94334 45566
SHP-1041,WB-43-BD-8119,Raghu Ram,+91 94334 45566
SHP-1042,HR-42-BW-8144,Satish Yadav,+91 98112 34567
SHP-1043,UP-89-KV-3041,Devendra Singh,+91 96112 23344
SHP-1044,HR-63-VM-3851,Devendra Singh,+91 96112 23344
SHP-1045,WB-87-UK-8618,Kartik Aryan,+91 91667 78899
SHP-1046,TS-94-UT-6491,Manish Chaudhury,+91 97334 56789
SHP-1047,KA-13-BH-8784,Manish Chaudhury,+91 97334 56789
SHP-1048,HR-28-UW-1090,Ramesh Kadam,+91 95445 67890
SHP-1049,HR-25-OE-8612,Baldev Singh,+91 95223 34455
SHP-1050,AP-67-IY-5050,Anwar Shaikh,+91 99990 12345
SHP-1051,GJ-52-KR-2320,Jasbir Singh,+91 94556 78901
SHP-1052,HR-18-NN-6421,Kartik Aryan,+91 91667 78899
SHP-1053,WB-58-PA-6763,Devendra Singh,+91 96112 23344
SHP-1054,HR-44-NP-1475,Subhash Ghai,+91 93445 56677
SHP-1055,DL-60-SS-1444,Manish Chaudhury,+91 97334 56789
SHP-1056,UP-37-OK-6529,Subhash Ghai,+91 93445 56677
SHP-1057,DL-54-HU-2124,Harpreet Singh,+91 99223 45678
SHP-1058,WB-29-HE-8758,Ramesh Kadam,+91 95445 67890
SHP-1059,KA-87-TX-2876,Gopal Das,+91 93667 89012
SHP-1060,TN-35-CS-4978,Ramesh Kadam,+91 95445 67890
SHP-1061,TN-94-LC-9289,Baldev Singh,+91 95223 34455
SHP-1062,TN-56-UO-3506,Pradeep Rawat,+91 92556 67788
SHP-1063,TS-71-ON-5397,Baldev Singh,+91 95223 34455
SHP-1064,HR-69-ST-7209,Baldev Singh,+91 95223 34455
SHP-1065,AP-37-LZ-5232,Baldev Singh,+91 95223 34455
SHP-1066,MH-40-XN-9004,Sanjay Dutt,+91 98889 01234
SHP-1067,TN-98-HJ-7046,Siddharth Malhotra,+91 98778 89900
SHP-1068,GJ-42-HD-4155,Baldev Singh,+91 95223 34455
SHP-1069,HR-71-IX-9595,Devendra Singh,+91 96112 23344
SHP-1070,UP-32-JA-9751,Jasbir Singh,+91 94556 78901
SHP-1071,MH-11-SJ-8690,Siddharth Malhotra,+91 98778 89900
SHP-1072,MH-61-PC-1878,Jasbir Singh,+91 94556 78901
SHP-1073,HR-25-RY-7818,Sanjay Dutt,+91 98889 01234
SHP-1074,WB-89-BT-2625,Vijay Mhatre,+91 91778 90123
SHP-1075,HR-32-RC-3564,Satish Yadav,+91 98112 34567
SHP-1076,GJ-46-WO-2166,Sanjay Dutt,+91 98889 01234
SHP-1077,KA-44-EC-1977,Gopal Das,+91 93667 89012
SHP-1078,GJ-99-MI-9199,Siddharth Malhotra,+91 98778 89900
SHP-1079,GJ-13-CH-1339,Anwar Shaikh,+91 99990 12345
SHP-1080,AP-45-FS-8141,Siddharth Malhotra,+91 98778 89900
